run,target_qps,achieved_qps,avg_latency,p95_latency
1,293.5,253.2,204.5,288.7
1,343.6,276.6,204.1,357.6
1,438.7,697.0,200.9,415.3
1,523.8,777.7,210.6,476.3
1,774.0,1141.1,218.2,577.3
1,730.1,840.0,258.0,662.1
1,1636.7,1166.3,590.2,1731.2
1,2061.6,1074.0,1673.7,1881.7
1,2064.0,1059.8,1679.1,1888.5
1,2034.0,1042.4,1663.9,1876.6
1,2044.4,1052.7,1654.9,1878.2
1,2118.4,1100.6,1742.6,1948.6
1,1969.2,1083.8,1559.3,1799.8
1,2149.3,1109.6,1746.9,1973.4
1,2030.7,1049.3,1647.2,1868.8
1,2016.1,1013.4,1649.7,1866.4
2,303.7,267.4,210.5,296.6
2,501.6,1056.8,205.3,360.1
2,407.0,441.6,202.9,418.2
2,483.4,682.0,198.0,455.7
2,542.2,605.7,219.2,526.3
2,680.9,632.3,268.7,675.4
2,2122.9,1163.3,1694.8,1943.1
2,2076.0,1044.1,1706.0,1929.9
2,1991.6,1079.1,1617.5,1813.7
2,2081.0,1034.7,1743.8,1933.9
2,2120.6,1118.6,1751.3,1946.6
2,2035.2,1056.2,1666.6,1868.3
2,1939.0,983.8,1625.4,1798.7
2,1907.9,1010.6,1563.8,1744.2
2,1969.9,1034.9,1627.0,1810.2
2,1943.5,1013.5,1621.0,1798.5
3,276.6,210.8,199.9,277.1
3,342.6,339.8,200.5,346.7
3,550.6,1030.4,203.6,427.4
3,580.7,940.4,208.3,483.6
3,526.4,633.5,217.0,506.4
3,758.5,919.4,246.2,671.9
3,1437.7,1033.4,509.7,1558.0
3,2065.8,1085.2,1665.7,1888.7
3,2065.5,1032.6,1702.4,1911.4
3,2087.8,1140.1,1682.1,1881.6
3,2109.5,1043.9,1751.1,1966.6
3,2061.3,1103.2,1672.5,1876.5
3,1981.4,1065.2,1627.0,1828.1
3,1995.2,1070.8,1621.7,1823.1
3,2074.8,1041.3,1701.6,1924.3
3,2170.8,1093.3,1753.5,1994.1
4,317.6,343.2,209.9,298.1
4,363.8,373.0,203.7,357.0
4,438.5,567.0,203.1,423.8
4,497.7,728.2,201.1,463.7
4,535.3,769.3,202.4,495.8
4,597.8,705.7,216.9,570.5
4,1880.2,1152.2,1015.8,1837.6
4,2123.3,1075.6,1744.8,1963.5
4,2079.3,1090.2,1684.3,1883.1
4,2110.4,1265.9,1659.5,1872.5
4,2093.6,1066.4,1706.0,1919.2
4,1946.2,1020.7,1611.2,1793.9
4,2006.5,1088.9,1635.2,1845.8
4,1844.9,997.3,1514.2,1697.5
4,2011.4,1064.5,1651.0,1847.0
4,1871.1,979.1,1536.2,1720.2
5,285.5,206.0,202.9,282.7
5,368.8,469.2,204.0,351.7
5,429.9,550.3,201.9,416.7
5,479.4,596.1,205.5,458.6
5,544.5,629.0,227.5,522.2
5,660.3,733.1,248.8,618.3
5,965.5,903.7,309.0,1062.6
5,1962.9,1021.5,1626.9,1815.8
5,1930.2,1051.7,1575.3,1739.7
5,1976.9,1026.4,1637.9,1826.5
5,1910.9,1062.3,1530.0,1731.5
5,2048.7,1143.8,1636.1,1857.8
5,2084.2,1081.6,1690.5,1907.8
5,1958.9,1027.7,1621.1,1809.0
5,2101.1,1085.6,1691.7,1925.3
5,1923.4,1020.5,1554.1,1751.6
